Words,Attributes
performance,Performance
luxury,Feel and Comfort
engine,Performance
price,Economic
buy,Economic
handling,Feel and Comfort
power,Performance
interior,Features and Styling
hp,Performance
manual,Features and Styling
look,Features and Styling
tires,Features and Styling
feel,Feel and Comfort
sales,Economic
sport,Feel and Comfort
torque,Performance
class,Features and Styling
looking,Feel and Comfort
fun,Feel and Comfort
nice,Feel and Comfort
package,Economic
value,Economic
mph,Performance
speed,Performance
gas,Economic
money,Economic
looks,Features and Styling
pretty,Features and Styling
reliability,Feel and Comfort
miles,Economic
sports,Feel and Comfort
system,Features and Styling
steering,Features and Styling
experience,Feel and Comfort
mileage,Economic
quality,Feel and Comfort
mpg,Economic
transmission,Performance
seat,Features and Styling
dealer,Dealership Services
cost,Economic
talking,Dealership Services
seats,Features and Styling
fast,Performance
wheels,Features and Styling
weight,Feel and Comfort
styling,Features and Styling
faster,Performance
worth,Economic
wheel,Features and Styling
features,Features and Styling
care,Dealership Services
pay,Economic
size,Feel and Comfort
suspension,Feel and Comfort
acceleration,Performance
standard,Feel and Comfort
steer,Feel and Comfort
design,Features and Styling
msrp,Economic
premium,Feel and Comfort
fuel,Economic
expensive,Economic
interesting,Feel and Comfort
deal,Economic
enjoy,Feel and Comfort
safety,Feel and Comfort
leather,Features and Styling
engines,Performance
traction,Feel and Comfort
gear,Features and Styling
race,Feel and Comfort
lux,Feel and Comfort
service,Dealership Services
equipped,Features and Styling
reliable,Feel and Comfort
legacy,Feel and Comfort
style,Features and Styling
turbo,Performance
exterior,Features and Styling
warranty,Dealership Services
person,Dealership Services
nav,Features and Styling
body,Features and Styling
smaller,Feel and Comfort
control,Feel and Comfort
guy,Dealership Services
range,Economic
help,Dealership Services
prices,Economic
spend,Economic
tire,Features and Styling
looked,Features and Styling
show,Dealership Services
company,Dealership Services
brakes,Features and Styling
cheap,Economic
clutch,Features and Styling
powerful,Feel and Comfort
braking,Feel and Comfort
maintenance,Dealership Services
feels,Feel and Comfort
horsepower,Performance
mile,Economic
6speed,Performance
smooth,Feel and Comfort
soft,Feel and Comfort
dealers,Dealership Services
bigger,Feel and Comfort
space,Features and Styling
free,Feel and Comfort
sporty,Features and Styling
costs,Economic
economy,Economic
motor,Performance
manufacturers,Dealership Services
room,Feel and Comfort
rpm,Performance
prestige,Feel and Comfort
manufacturer,Dealership Services
perfect,Feel and Comfort
comfortable,Feel and Comfort
noise,Feel and Comfort
afford,Economic
paying,Economic
superior,Feel and Comfort
comfort,Feel and Comfort
balance,Feel and Comfort
engineering,Features and Styling
trunk,Features and Styling
brake,Features and Styling
cheaper,Economic
conditions,Feel and Comfort
perform,Performance
doors,Features and Styling
save,Economic
shop,Dealership Services
dealership,Dealership Services
insurance,Dealership Services
marketing,Dealership Services
shopping,Dealership Services
support,Dealership Services
salesman,Dealership Services
dealerships,Dealership Services
salesperson,Dealership Services
showroom,Dealership Services
salesguy,Dealership Services
salesmen,Dealership Services
